Num Verticies, Runtime
10, 0.000025
10, 0.000034
10, 0.000032
10, 0.000040
10, 0.000013
100, 0.006860
100, 0.007444
100, 0.013814
100, 0.016006
100, 0.009700
200, 0.070299
200, 0.051061
200, 0.073753
200, 0.055277
200, 0.067264
500, 0.770365
500, 0.784659
500, 0.785144
500, 0.781407
500, 0.773637
700, 2.096875
700, 1.922632
700, 2.099272
700, 2.126814
700, 2.175116
1000, 5.384787
1000, 5.774722
1000, 5.489939
1000, 5.466624
