Source Node, Thread Num, Runtime
0, 0.000260
1, 0.000418
2, 0.000513
3, 0.000542
4, 0.000570
5, 0.000600
6, 0.000628
7, 0.000657
8, 0.000685
