Source Node, Thread Num, Runtime
0, 0.000005
1, 0.000004
2, 0.000005
3, 0.000005
4, 0.000005
5, 0.000004
6, 0.000004
7, 0.000004
8, 0.000004
