Source Node, Thread Num, Runtime
0, 0.000260
1, 0.000418
2, 0.000513
3, 0.000542
4, 0.000570
5, 0.000600
6, 0.000628
7, 0.000657
8, 0.000685
0, 0.000186
1, 0.000140
2, 0.000099
3, 0.000103
4, 0.000104
5, 0.000107
6, 0.000100
7, 0.000135
8, 0.000110
0, 0.000311
1, 0.000202
2, 0.000216
3, 0.000243
4, 0.000214
5, 0.000201
6, 0.000225
7, 0.000201
8, 0.000208
