Num Verticies, Runtime
9, 0.000005
0, 1704313532.437570
1, 1704313532.437476
9, 0.000536
