Num Verticies, Runtime
10, 0.000046
10, 0.000035
10, 0.000039
10, 0.000027
10, 0.000036
100, 0.017350
100, 0.016369
100, 0.016464
100, 0.015671
100, 0.016463
100, 0.014773
1000, 5.221254
1000, 5.086373
1000, 5.354794
1000, 5.127896
1000, 5.131679
1000, 5.057187
