Num Verticies, Runtime
10, 0.000059
10, 0.000058
10, 0.000059
10, 0.000053
10, 0.000059
10, 0.000057
10, 0.000050
10, 0.000042
10, 0.000057
10, 0.000057
100, 0.029875
100, 0.029983
100, 0.029975
100, 0.029910
100, 0.023753
100, 0.027778
100, 0.030028
100, 0.029941
100, 0.027814
100, 0.026923
1000, 7.479138
1000, 7.946352
1000, 7.441885
1000, 7.923899
1000, 7.911342
1000, 7.492341
1000, 7.793354
1000, 7.935954
1000, 7.794388
1000, 7.432092
100, 0.015961
100, 0.236693
9, 0.004446
9, 0.000650
